{
    "rmse": 0.6755320295449591,
    "mae": 0.5426410818225544,
    "r2": 0.2833168398729765
}