{
    "rmse": 0.7451706918266164,
    "mae": 0.5762556496695319,
    "r2": 0.24265671937689315
}